{
  "Delete Character" : {
    "transaction" : "Delete Character",
    "sampleCount" : 100,
    "errorCount" : 0,
    "errorPct" : 0.0,
    "meanResTime" : 44.72999999999998,
    "medianResTime" : 41.0,
    "minResTime" : 5.0,
    "maxResTime" : 142.0,
    "pct1ResTime" : 72.9,
    "pct2ResTime" : 80.0,
    "pct3ResTime" : 141.93999999999997,
    "throughput" : 70.52186177715092,
    "receivedKBytesPerSec" : 20.17861865303244,
    "sentKBytesPerSec" : 12.529338196403385
  },
  "Get CharacterByID" : {
    "transaction" : "Get CharacterByID",
    "sampleCount" : 100,
    "errorCount" : 0,
    "errorPct" : 0.0,
    "meanResTime" : 52.240000000000016,
    "medianResTime" : 49.5,
    "minResTime" : 8.0,
    "maxResTime" : 150.0,
    "pct1ResTime" : 111.60000000000014,
    "pct2ResTime" : 125.69999999999993,
    "pct3ResTime" : 149.92999999999995,
    "throughput" : 68.4931506849315,
    "receivedKBytesPerSec" : 17.987478595890412,
    "sentKBytesPerSec" : 10.697372645547945
  },
  "Post CreateNewCharacter" : {
    "transaction" : "Post CreateNewCharacter",
    "sampleCount" : 100,
    "errorCount" : 0,
    "errorPct" : 0.0,
    "meanResTime" : 166.8899999999999,
    "medianResTime" : 177.5,
    "minResTime" : 40.0,
    "maxResTime" : 327.0,
    "pct1ResTime" : 243.9,
    "pct2ResTime" : 272.79999999999995,
    "pct3ResTime" : 326.70999999999987,
    "throughput" : 66.44518272425249,
    "receivedKBytesPerSec" : 17.72282495847176,
    "sentKBytesPerSec" : 14.093646179401995
  },
  "Total" : {
    "transaction" : "Total",
    "sampleCount" : 500,
    "errorCount" : 0,
    "errorPct" : 0.0,
    "meanResTime" : 73.56200000000004,
    "medianResTime" : 54.0,
    "minResTime" : 3.0,
    "maxResTime" : 327.0,
    "pct1ResTime" : 178.7000000000001,
    "pct2ResTime" : 210.89999999999998,
    "pct3ResTime" : 272.96000000000004,
    "throughput" : 315.8559696778269,
    "receivedKBytesPerSec" : 122.87722579753633,
    "sentKBytesPerSec" : 58.247665626974104
  },
  "Put UpdateCharacter" : {
    "transaction" : "Put UpdateCharacter",
    "sampleCount" : 100,
    "errorCount" : 0,
    "errorPct" : 0.0,
    "meanResTime" : 49.21,
    "medianResTime" : 45.5,
    "minResTime" : 3.0,
    "maxResTime" : 142.0,
    "pct1ResTime" : 86.9,
    "pct2ResTime" : 106.29999999999984,
    "pct3ResTime" : 141.90999999999997,
    "throughput" : 68.63417982155114,
    "receivedKBytesPerSec" : 18.50776960363761,
    "sentKBytesPerSec" : 15.223516858270418
  },
  "Get All Characters" : {
    "transaction" : "Get All Characters",
    "sampleCount" : 100,
    "errorCount" : 0,
    "errorPct" : 0.0,
    "meanResTime" : 54.74000000000001,
    "medianResTime" : 51.0,
    "minResTime" : 9.0,
    "maxResTime" : 141.0,
    "pct1ResTime" : 80.0,
    "pct2ResTime" : 127.69999999999993,
    "pct3ResTime" : 140.99,
    "throughput" : 68.25938566552901,
    "receivedKBytesPerSec" : 58.703738267918084,
    "sentKBytesPerSec" : 10.53220989761092
  }
}