{
  "Delete Character" : {
    "transaction" : "Delete Character",
    "sampleCount" : 2000,
    "errorCount" : 872,
    "errorPct" : 43.6,
    "meanResTime" : 540.4030000000012,
    "medianResTime" : 393.0,
    "minResTime" : 0.0,
    "maxResTime" : 11441.0,
    "pct1ResTime" : 862.8000000000011,
    "pct2ResTime" : 1164.9499999999998,
    "pct3ResTime" : 10682.37,
    "throughput" : 99.78546125829467,
    "receivedKBytesPerSec" : 107.56234447500374,
    "sentKBytesPerSec" : 11.703499585266677
  },
  "Get CharacterByID" : {
    "transaction" : "Get CharacterByID",
    "sampleCount" : 2000,
    "errorCount" : 872,
    "errorPct" : 43.6,
    "meanResTime" : 404.5825000000005,
    "medianResTime" : 230.5,
    "minResTime" : 0.0,
    "maxResTime" : 10850.0,
    "pct1ResTime" : 720.0,
    "pct2ResTime" : 919.8499999999995,
    "pct3ResTime" : 2777.99,
    "throughput" : 99.96001599360257,
    "receivedKBytesPerSec" : 112.60827700169932,
    "sentKBytesPerSec" : 9.870221833141743
  },
  "Post CreateNewCharacter" : {
    "transaction" : "Post CreateNewCharacter",
    "sampleCount" : 2000,
    "errorCount" : 872,
    "errorPct" : 43.6,
    "meanResTime" : 2417.1459999999956,
    "medianResTime" : 400.0,
    "minResTime" : 0.0,
    "maxResTime" : 12778.0,
    "pct1ResTime" : 11153.2,
    "pct2ResTime" : 12571.95,
    "pct3ResTime" : 12689.0,
    "throughput" : 104.41138084051161,
    "receivedKBytesPerSec" : 132.72241459475333,
    "sentKBytesPerSec" : 12.491944825110936
  },
  "Total" : {
    "transaction" : "Total",
    "sampleCount" : 10000,
    "errorCount" : 4243,
    "errorPct" : 42.43,
    "meanResTime" : 1020.056600000003,
    "medianResTime" : 389.0,
    "minResTime" : 0.0,
    "maxResTime" : 12778.0,
    "pct1ResTime" : 1585.5999999999985,
    "pct2ResTime" : 7119.949999999999,
    "pct3ResTime" : 12571.99,
    "throughput" : 490.6771344455348,
    "receivedKBytesPerSec" : 969.5323041891561,
    "sentKBytesPerSec" : 56.428780897325815
  },
  "Put UpdateCharacter" : {
    "transaction" : "Put UpdateCharacter",
    "sampleCount" : 2000,
    "errorCount" : 872,
    "errorPct" : 43.6,
    "meanResTime" : 606.4215000000002,
    "medianResTime" : 396.5,
    "minResTime" : 0.0,
    "maxResTime" : 11447.0,
    "pct1ResTime" : 1071.8000000000002,
    "pct2ResTime" : 1667.8999999999996,
    "pct3ResTime" : 10626.52,
    "throughput" : 99.65618615775574,
    "receivedKBytesPerSec" : 109.52871772073846,
    "sentKBytesPerSec" : 14.279690147117446
  },
  "Get All Characters" : {
    "transaction" : "Get All Characters",
    "sampleCount" : 2000,
    "errorCount" : 755,
    "errorPct" : 37.75,
    "meanResTime" : 1131.73,
    "medianResTime" : 462.0,
    "minResTime" : 0.0,
    "maxResTime" : 11157.0,
    "pct1ResTime" : 1838.7000000000012,
    "pct2ResTime" : 10798.9,
    "pct3ResTime" : 10870.99,
    "throughput" : 102.50627850955871,
    "receivedKBytesPerSec" : 543.7804415618114,
    "sentKBytesPerSec" : 9.845708030085593
  }
}