{
  "Delete Character" : {
    "transaction" : "Delete Character",
    "sampleCount" : 30434,
    "errorCount" : 7270,
    "errorPct" : 23.887756,
    "meanResTime" : 1195.01652756785,
    "medianResTime" : 274.0,
    "minResTime" : 0.0,
    "maxResTime" : 133890.0,
    "pct1ResTime" : 1033.0,
    "pct2ResTime" : 1443.0,
    "pct3ResTime" : 55289.550000000076,
    "throughput" : 123.35390988201247,
    "receivedKBytesPerSec" : 95.47969448537012,
    "sentKBytesPerSec" : 17.43297907859485
  },
  "Get CharacterByID" : {
    "transaction" : "Get CharacterByID",
    "sampleCount" : 30864,
    "errorCount" : 7420,
    "errorPct" : 24.040955,
    "meanResTime" : 1802.6946928460256,
    "medianResTime" : 278.0,
    "minResTime" : 0.0,
    "maxResTime" : 133882.0,
    "pct1ResTime" : 1218.0,
    "pct2ResTime" : 2240.0,
    "pct3ResTime" : 60210.0,
    "throughput" : 124.20270667251516,
    "receivedKBytesPerSec" : 94.66087461568952,
    "sentKBytesPerSec" : 15.408762480029939
  },
  "Post CreateNewCharacter" : {
    "transaction" : "Post CreateNewCharacter",
    "sampleCount" : 31229,
    "errorCount" : 7459,
    "errorPct" : 23.884851,
    "meanResTime" : 1999.1987575650785,
    "medianResTime" : 264.0,
    "minResTime" : 0.0,
    "maxResTime" : 133881.0,
    "pct1ResTime" : 897.0,
    "pct2ResTime" : 1468.0,
    "pct3ResTime" : 52441.68000000005,
    "throughput" : 125.30343823101029,
    "receivedKBytesPerSec" : 99.37749787969402,
    "sentKBytesPerSec" : 20.507381479785497
  },
  "Total" : {
    "transaction" : "Total",
    "sampleCount" : 154251,
    "errorCount" : 36753,
    "errorPct" : 23.82675,
    "meanResTime" : 1593.438570900684,
    "medianResTime" : 164.0,
    "minResTime" : 0.0,
    "maxResTime" : 133890.0,
    "pct1ResTime" : 770.0,
    "pct2ResTime" : 24334.0,
    "pct3ResTime" : 55925.890000000014,
    "throughput" : 618.7811394324499,
    "receivedKBytesPerSec" : 23148.906683432317,
    "sentKBytesPerSec" : 89.67409869896342
  },
  "Put UpdateCharacter" : {
    "transaction" : "Put UpdateCharacter",
    "sampleCount" : 30675,
    "errorCount" : 7332,
    "errorPct" : 23.9022,
    "meanResTime" : 1241.022265688666,
    "medianResTime" : 271.0,
    "minResTime" : 0.0,
    "maxResTime" : 133884.0,
    "pct1ResTime" : 988.9000000000015,
    "pct2ResTime" : 1270.0,
    "pct3ResTime" : 52825.870000000024,
    "throughput" : 123.60976789168278,
    "receivedKBytesPerSec" : 94.39512704127378,
    "sentKBytesPerSec" : 21.757175782509268
  },
  "Get All Characters" : {
    "transaction" : "Get All Characters",
    "sampleCount" : 31049,
    "errorCount" : 7272,
    "errorPct" : 23.421043,
    "meanResTime" : 1716.018390286319,
    "medianResTime" : 285.0,
    "minResTime" : 0.0,
    "maxResTime" : 133865.0,
    "pct1ResTime" : 1208.0,
    "pct2ResTime" : 1993.450000000008,
    "pct3ResTime" : 54878.61000000038,
    "throughput" : 124.8587502463074,
    "receivedKBytesPerSec" : 22822.474962727156,
    "sentKBytesPerSec" : 14.934357507147942
  }
}