{
  "Post CreateNewCharacter" : {
    "transaction" : "Post CreateNewCharacter",
    "sampleCount" : 5000,
    "errorCount" : 3973,
    "errorPct" : 79.46,
    "meanResTime" : 28690.589999999997,
    "medianResTime" : 25557.0,
    "minResTime" : 298.0,
    "maxResTime" : 81433.0,
    "pct1ResTime" : 53189.0,
    "pct2ResTime" : 78441.0,
    "pct3ResTime" : 81029.0,
    "throughput" : 61.308319538961435,
    "receivedKBytesPerSec" : 125.30548786095272,
    "sentKBytesPerSec" : 2.6710190783826864
  },
  "Total" : {
    "transaction" : "Total",
    "sampleCount" : 5000,
    "errorCount" : 3973,
    "errorPct" : 79.46,
    "meanResTime" : 28690.589999999997,
    "medianResTime" : 25557.0,
    "minResTime" : 298.0,
    "maxResTime" : 81433.0,
    "pct1ResTime" : 53189.0,
    "pct2ResTime" : 78441.0,
    "pct3ResTime" : 81029.0,
    "throughput" : 61.308319538961435,
    "receivedKBytesPerSec" : 125.30548786095272,
    "sentKBytesPerSec" : 2.6710190783826864
  }
}